"NUFAu href","NhWcC src","NhWcC src 2","NhWcC src 3","biGQs 2","biGQs 3","evwcZ","biGQs 4","biGQs 5","biGQs 6","biGQs 7","biGQs 10","rmyCe href","TPuys src"
"https://www.tripadvisor.com/Hotel_Review-g186338-d548133-Reviews-Charlotte_Street_Hotel-London_England.html?staydates=2026_3_16_2026_3_21","https://dynamic-media-cdn.tripadvisor.com/media/photo-o/32/27/ca/b5/entrance.jpg?w=1200&h=-1&s=1","https://dynamic-media-cdn.tripadvisor.com/media/photo-o/32/27/ca/c1/one-bedroom-virginia.jpg?w=1200&h=-1&s=1","https://dynamic-media-cdn.tripadvisor.com/media/photo-o/32/27/ca/ba/penthouse-suite.jpg?w=1200&h=-1&s=1","Charlotte Street Hotel","4.7","4.7 of 5 bubbles","(941)","5-star hotel","15-17 Charlotte Street","Charlotte Street Hotel is situated in the media neighbourhood just north of Soho. It is a minute's walk from leafy Soho Square and the theatre district, within easy reach of the financial centre and is surrounded by some of London's best bars, restaurants and cafes. Designer Kit Kemp has used a 'Bloomsbury Group' theme throughout the hotel which features original art from the period and a mural in the brasserie reflecting scenes of 'contemporary London life'.","$769","https://www.tripadvisor.com/Hotel_Review-g186338-d548133-Reviews-Charlotte_Street_Hotel-London_England.html?staydates=2026_03_16_2026_03_21",""
"https://www.tripadvisor.com/Hotel_Review-g186338-d497689-Reviews-The_Soho_Hotel-London_England.html?staydates=2026_3_16_2026_3_21","https://dynamic-media-cdn.tripadvisor.com/media/photo-o/32/2b/e8/ae/exterior.jpg?w=1200&h=-1&s=1","https://dynamic-media-cdn.tripadvisor.com/media/photo-o/32/2b/e8/b4/deluxe-room.jpg?w=1200&h=-1&s=1","https://dynamic-media-cdn.tripadvisor.com/media/photo-o/32/2b/e8/b7/superior-terrace-room.jpg?w=1200&h=-1&s=1","The Soho Hotel","4.8","4.8 of 5 bubbles","(1,884)","5-star hotel","4 Richmond Mews","The Soho Hotel has 96 individually designed bedrooms, suites and apartments and is situated on a quiet street in the heart of London's entertainment neighbourhood. The Soho Hotel is situated in a quiet street between Dean and Wardour Streets in the heart of London's entertainment neighbourhood. It is surrounded by some of London's best restaurants and bars, vibrant cafes and most exciting theatre and nightlife. Leafy Soho Square is a one minute walk and the city's business district is within easy reach.","$732","https://www.tripadvisor.com/Hotel_Review-g186338-d497689-Reviews-The_Soho_Hotel-London_England.html?staydates=2026_03_16_2026_03_21","https://static.tacdn.com/img2/brand_refresh_2025/travelers_choice/badges/2025/2025_TC_Badge_Large.svg"
"https://www.tripadvisor.com/Hotel_Review-g186338-d192064-Reviews-The_Chesterfield_Mayfair-London_England.html?staydates=2026_3_16_2026_3_21","https://dynamic-media-cdn.tripadvisor.com/media/photo-o/2b/fd/01/5c/caption.jpg?w=1200&h=-1&s=1","https://dynamic-media-cdn.tripadvisor.com/media/photo-o/32/0a/bd/58/lobby-at-the-chesterfield.jpg?w=1200&h=-1&s=1","https://dynamic-media-cdn.tripadvisor.com/media/photo-o/32/0a/bd/5c/lobby-at-the-chesterfield.jpg?w=1200&h=-1&s=1","The Chesterfield Mayfair","4.8","4.8 of 5 bubbles","(5,828)","4-star hotel","35 Charles Street","The Chesterfield, located in the heart of Mayfair, is quintessentially British and exudes classic charm and unique personality. An ideal location minutes from Bond Street, Piccadilly and the Royal Parks, The Chesterfield Mayfair is renowned for the best Dover sole in London, themed afternoon teas, molecular cocktails and gin tasting experiences. A passionate team consistently exceeds guest expectations with faultless service.","$312","https://www.tripadvisor.com/Hotel_Review-g186338-d192064-Reviews-The_Chesterfield_Mayfair-London_England.html?staydates=2026_03_16_2026_03_21","https://static.tacdn.com/img2/brand_refresh_2025/travelers_choice/badges/2025/2025_Best_of_the_Best_Badge_Large.svg"
"https://www.tripadvisor.com/Hotel_Review-g186338-d17150006-Reviews-The_Biltmore_Mayfair-London_England.html?staydates=2026_3_16_2026_3_21","https://dynamic-media-cdn.tripadvisor.com/media/photo-o/2c/69/dc/3c/caption.jpg?w=1200&h=-1&s=1","https://dynamic-media-cdn.tripadvisor.com/media/photo-o/31/f4/43/be/biltmore-mayfair-exterior.jpg?w=1200&h=-1&s=1","https://dynamic-media-cdn.tripadvisor.com/media/photo-o/2c/69/df/03/caption.jpg?w=1200&h=-1&s=1","The Biltmore Mayfair","4.4","4.4 of 5 bubbles","(335)","5-star hotel","44 Grosvenor Square","The Biltmore Mayfair offers opulent accommodations and a prime location for exploring the capital, situated in the prestigious Grosvenor Square, in the heart of Mayfair's prestigious shopping area and a stone's throw from Bond Street. With stunning views of London's iconic Grosvenor Square, the property is reminiscent of a private London residence, boasting exemplary contemporary luxury throughout the property. The Biltmore Mayfair features 250 luxury rooms, 49 suites, and 8 signature suites for travellers looking for an opulent city escape. The property offers an array of dining options.","$541","https://www.tripadvisor.com/Hotel_Review-g186338-d17150006-Reviews-The_Biltmore_Mayfair-London_England.html?staydates=2026_03_16_2026_03_21","https://static.tacdn.com/img2/brand_refresh_2025/travelers_choice/badges/2025/2025_TC_Badge_Large.svg"
"https://www.tripadvisor.com/Hotel_Review-g186338-d13867323-Reviews-L_oscar_London-London_England.html?staydates=2026_3_16_2026_3_21","https://dynamic-media-cdn.tripadvisor.com/media/photo-o/29/83/de/c5/l-oscar-suite-headboard.jpg?w=600&h=-1&s=1","https://dynamic-media-cdn.tripadvisor.com/media/photo-o/32/0a/f2/b9/loscar-restaurant-bar.jpg?w=1100&h=-1&s=1","https://dynamic-media-cdn.tripadvisor.com/media/photo-o/32/0a/f2/ba/crispy-rice-salmon.jpg?w=1100&h=-1&s=1","L'oscar London","4.8","4.8 of 5 bubbles","(782)","5-star hotel","2-6 Southampton Row","Located in a lovingly restored Baptist Church house, in the heart of Bloomsbury's historic Holborn, L'oscar London is a small hotel with a grand personality.Close to the city, the theatreland, Soho and the West end. Designed by the world-renowned Parisian decorateur, Jacques Garcia, the hotel presents a seductive style with a hint of irreverence, a nod toward decadence , a touch of the risqué. All with impeccable levels of service. The hotel has 39 bedrooms, a restaurant and bars all full of character and retaining exquisite Arts & Crafts details.","$641","https://www.tripadvisor.com/Hotel_Review-g186338-d13867323-Reviews-L_oscar_London-London_England.html?staydates=2026_03_16_2026_03_21","https://static.tacdn.com/img2/brand_refresh_2025/travelers_choice/badges/2025/2025_Best_of_the_Best_Badge_Large.svg"
"https://www.tripadvisor.com/Hotel_Review-g186338-d187569-Reviews-The_Langham_London-London_England.html?staydates=2026_3_16_2026_3_21","https://dynamic-media-cdn.tripadvisor.com/media/photo-o/2a/51/fb/a8/birdseye-view-of-the.jpg?w=1200&h=-1&s=1","https://dynamic-media-cdn.tripadvisor.com/media/photo-o/31/f4/43/99/the-sterling-suite-entrance.jpg?w=1200&h=-1&s=1","https://dynamic-media-cdn.tripadvisor.com/media/photo-o/31/79/07/5f/portland-suite-terrace.jpg?w=1200&h=-1&s=1","The Langham, London","4.7","4.7 of 5 bubbles","(2,692)","5-star hotel","1C Portland Place","With a history of delighting guests and providing personalised service since 1865, The Langham, London is truly a London icon. With the recent addition of deluxe suites, British tavern, The Wigmore, new spa and Michel's Roux restaurant the reimagining of Europe's first Grand Hotel is ever evolving.","$698","https://www.tripadvisor.com/Hotel_Review-g186338-d187569-Reviews-The_Langham_London-London_England.html?staydates=2026_03_16_2026_03_21","https://static.tacdn.com/img2/brand_refresh_2025/travelers_choice/badges/2025/2025_TC_Badge_Large.svg"
"https://www.tripadvisor.com/Hotel_Review-g186338-d6003130-Reviews-The_Beaumont_Mayfair-London_England.html?staydates=2026_3_16_2026_3_21","https://dynamic-media-cdn.tripadvisor.com/media/photo-o/2f/34/ba/9c/the-beaumont-mayfair.jpg?w=1200&h=-1&s=1","https://dynamic-media-cdn.tripadvisor.com/media/photo-o/31/d0/da/5b/superior-room-bedroom.jpg?w=1200&h=-1&s=1","https://dynamic-media-cdn.tripadvisor.com/media/photo-o/2f/34/be/70/superior-room.jpg?w=1200&h=-1&s=1","The Beaumont Mayfair","4.8","4.8 of 5 bubbles","(871)","5-star hotel","8 Balderton Street","Overlooking a tranquil garden square in Mayfair, The Beaumont embodies the spirit of the grand hotels of the 1920s, while surrounding guests with the feel of a private club. The award-winning hotel houses 101 discreetly luxurious rooms and suites, Antony Gormley’s ROOM, an inhabitable work of art and the presidential Roosevelt Suite. The hotel’s chic Art Deco interiors have been refined by leading designer Thierry Despont working with architects Reardon Smith, while its expanding art collection inspires both nostalgia and excitement for the new. Rosi, led by chef Lisa Goodwin-Allen, serves playful twists on beloved British classics, and the Terrace brings al fresco café culture to Brown Hart Gardens. Afternoon Tea is held in The Gatsby Room, while classic cocktails and canapés are served at Le Magritte Bar. The spa offers relaxing and regenerative treatments for guests and locals; and there are three private rooms for meeting and entertaining.","$780","https://www.tripadvisor.com/Hotel_Review-g186338-d6003130-Reviews-The_Beaumont_Mayfair-London_England.html?staydates=2026_03_16_2026_03_21","https://static.tacdn.com/img2/brand_refresh_2025/travelers_choice/badges/2025/2025_TC_Badge_Large.svg"
"https://www.tripadvisor.com/Hotel_Review-g186338-d4889797-Reviews-The_London_EDITION-London_England.html?staydates=2026_3_16_2026_3_21","https://dynamic-media-cdn.tripadvisor.com/media/photo-o/2e/d5/81/bc/exterior.jpg?w=1200&h=-1&s=1","https://dynamic-media-cdn.tripadvisor.com/media/photo-o/2c/03/cd/64/loft-king.jpg?w=1200&h=-1&s=1","https://dynamic-media-cdn.tripadvisor.com/media/photo-o/17/e3/0e/94/the-london-edition.jpg?w=1200&h=-1&s=1","The London EDITION","4.5","4.5 of 5 bubbles","(1,710)","5-star hotel","10 Berners Street","The London EDITION brings together the integrity and character of a historic building with a simple, sophisticated design sensibility, creating a seamless blend of charisma and ease. With 173 rooms, a restaurant, two bars, meeting rooms and a buzzing lobby, the hotel offers a dynamic social hub where guests and visitors can work, relax, socialise and dine all under one roof.","$507","https://www.tripadvisor.com/Hotel_Review-g186338-d4889797-Reviews-The_London_EDITION-London_England.html?staydates=2026_03_16_2026_03_21","https://static.tacdn.com/img2/brand_refresh_2025/travelers_choice/badges/2025/2025_TC_Badge_Large.svg"
"https://www.tripadvisor.com/Hotel_Review-g186338-d4062677-Reviews-The_Resident_Soho-London_England.html?staydates=2026_3_16_2026_3_21","https://dynamic-media-cdn.tripadvisor.com/media/photo-o/1b/a4/9e/76/entrance-to-the-resident.jpg?w=1200&h=-1&s=1","https://dynamic-media-cdn.tripadvisor.com/media/photo-o/2f/bb/18/e9/the-resident-soho.jpg?w=1200&h=-1&s=1","https://dynamic-media-cdn.tripadvisor.com/media/photo-o/1b/da/98/e9/lounge.jpg?w=1200&h=-1&s=1","The Resident Soho","4.8","4.8 of 5 bubbles","(4,433)","4-star hotel","10 Carlisle Street","The Resident Soho is an oasis of calm in the centre of London's most vibrant and buzzing neighbourhood of Soho. A stone's throw from some of the best shopping, bars and restaurants in the capital, as well as its world-famous West End theatres, and just a 5-minute stroll from Tottenham Court Road station, it's the place to stay for anyone wanting to experience London from the inside out. All our rooms are designed to provide a relaxing oasis away from the bustling city. Located in the heart of one of London's most fashionable districts, all our thoughtfully designed, contemporary rooms, have an emphasis on comfort combined with practical and convenient amenities. All our rooms feature our signature in-room Mini Kitchen complete with fridge, microwave, sink with BRITA filter tap and Nespresso coffee machine. Our attentive teams specialise in providing every guest with a truly personalised stay, which combined with our extremely comfortable and well-appointed rooms, ensures an enriching and memorable experience for all who stay with us.","$367","https://www.tripadvisor.com/Hotel_Review-g186338-d4062677-Reviews-The_Resident_Soho-London_England.html?staydates=2026_03_16_2026_03_21","https://static.tacdn.com/img2/brand_refresh_2025/travelers_choice/badges/2025/2025_Best_of_the_Best_Badge_Large.svg"
"https://www.tripadvisor.com/Hotel_Review-g186338-d192034-Reviews-Radisson_Blu_Hotel_London_Mercer_Street-London_England.html?staydates=2026_3_16_2026_3_21","https://dynamic-media-cdn.tripadvisor.com/media/photo-o/32/2d/ec/31/exterior.jpg?w=1200&h=-1&s=1","https://dynamic-media-cdn.tripadvisor.com/media/photo-o/32/3b/47/4d/lobby-lounge.jpg?w=1200&h=-1&s=1","https://dynamic-media-cdn.tripadvisor.com/media/photo-o/32/3b/47/4c/lobby-lounge.jpg?w=1200&h=-1&s=1","Radisson Blu Hotel, London Mercer Street","4.5","4.5 of 5 bubbles","(5,040)","4-star hotel","20 Mercer St","Welcome to the Radisson Blu Hotel, London Mercer Street, a luxury boutique hotel set in the picturesque Seven Dials neighbourhood of Covent Garden. Discover a sense of home in our inviting rooms and suites, and relax with a book in the urban living room on the ground floor. A natural scene for dining in London's most vibrant district, our Monmouth Kitchen restaurant serves a selection of contemporary Peruvian and Italian small plates, entrées and specialities, complemented by fine wines and signature cocktails. Perfect for business or pleasure, discover a calm place for both relaxation and work, with creative co-working spaces and technically advanced meeting rooms in the heart of the West End.","$355","https://www.tripadvisor.com/Hotel_Review-g186338-d192034-Reviews-Radisson_Blu_Hotel_London_Mercer_Street-London_England.html?staydates=2026_03_16_2026_03_21","https://static.tacdn.com/img2/brand_refresh_2025/travelers_choice/badges/2025/2025_TC_Badge_Large.svg"
"https://www.tripadvisor.com/Hotel_Review-g186338-d209229-Reviews-The_Bloomsbury_Hotel-London_England.html?staydates=2026_3_16_2026_3_21","https://dynamic-media-cdn.tripadvisor.com/media/photo-o/31/f4/43/68/the-bloomsbury-heritage.jpg?w=1200&h=-1&s=1","https://dynamic-media-cdn.tripadvisor.com/media/photo-o/30/c8/6f/ef/dalloway-terrace.jpg?w=1200&h=-1&s=1","https://dynamic-media-cdn.tripadvisor.com/media/photo-o/30/c6/c3/3d/the-coral-room.jpg?w=1200&h=-1&s=1","The Bloomsbury Hotel","4.7","4.7 of 5 bubbles","(5,714)","5-star hotel","16-22 Great Russell Street","In the beating heart of London, close to Theatreland, The British Museum and Covent Garden, The Bloomsbury, a magnificent Edwin Lutyens’ Grade II-listed, neo-Georgian building sits amid the historic 18th century neighbourhood of the same name; a literary heartland filled with galleries, bookshops and a wealth of cultural heritage. Following a multimillion pound refurbishment, the final chapter in The Bloomsbury’s redevelopment includes beautifully designed Luxury Studio Suites, Sitting Room and grand salon bar - The Coral Room. The Coral Room, designed in collaboration with internationally-acclaimed, Martin Brudnizki Design Studio, features 36 original pieces of art commissioned with illustrator Luke Edward Hall and inspired by the surrounding Bloomsbury area. The restoration of The Bloomsbury also includes Dalloway Terrace, a charming indoor and outdoor restaurant and The Bloomsbury Club Bar which takes inspiration from the Bloomsbury Set, evoking the glamour of a bygone era.","$442","https://www.tripadvisor.com/Hotel_Review-g186338-d209229-Reviews-The_Bloomsbury_Hotel-London_England.html?staydates=2026_03_16_2026_03_21","https://static.tacdn.com/img2/brand_refresh_2025/travelers_choice/badges/2025/2025_TC_Badge_Large.svg"
"https://www.tripadvisor.com/Hotel_Review-g186338-d193617-Reviews-The_Marylebone-London_England.html?staydates=2026_3_16_2026_3_21","https://dynamic-media-cdn.tripadvisor.com/media/photo-o/2c/20/0a/85/the-cocktail-bar.jpg?w=1200&h=-1&s=1","https://dynamic-media-cdn.tripadvisor.com/media/photo-o/31/59/2e/71/event-space-number-six.jpg?w=1200&h=-1&s=1","https://dynamic-media-cdn.tripadvisor.com/media/photo-o/31/59/2e/72/event-space-the-courtyard.jpg?w=1200&h=-1&s=1","The Marylebone","4.7","4.7 of 5 bubbles","(6,137)","5-star hotel","47 Welbeck Street","The vibrant, bijou feel of Marylebone village is mirrored in the chic, stylish hotel that shares its name. Discover the charm and buzz of 108 Brasserie; a bright new raft of event spaces – indoor and out; and expansive, rooftop terrace suites that rival any in London for the wow factor. The Marylebone is a short walk to the excitement of Oxford Street, the world-famous stores of Bond Street and Mayfair, Harley Street and the elegant green spaces of Regents Park and Hyde Park. Characterised by its striking design and décor – in places inspired by the great David Hicks, The Marylebone epitomises the vibrant charm of its special London location. Embracing art, design and culture, its guest rooms, suites and public spaces are a celebration of contemporary and antique art and furnishings. Rare in central London is the on-site Third Space gym and spa, equipped with 18m indoor pool, state-of-the-art gym equipment and a range of complimentary fitness classes for guests of the hotel.","$329","https://www.tripadvisor.com/Hotel_Review-g186338-d193617-Reviews-The_Marylebone-London_England.html?staydates=2026_03_16_2026_03_21","https://static.tacdn.com/img2/brand_refresh_2025/travelers_choice/badges/2025/2025_TC_Badge_Large.svg"
"https://www.tripadvisor.com/Hotel_Review-g186338-d26641162-Reviews-The_BoTree_London_Curio_Collection_by_Hilton-London_England.html?staydates=2026_3_16_2026_3_21","https://dynamic-media-cdn.tripadvisor.com/media/photo-o/32/35/d9/c2/a-bedroom-with-a-bed.jpg?w=1200&h=-1&s=1","https://dynamic-media-cdn.tripadvisor.com/media/photo-o/32/35/d9/eb/a-bedroom-with-a-large.jpg?w=1200&h=-1&s=1","https://dynamic-media-cdn.tripadvisor.com/media/photo-o/32/35/d9/e9/guest-room-with-two-beds.jpg?w=1200&h=-1&s=1","The BoTree London, Curio Collection by Hilton","4.6","4.6 of 5 bubbles","(145)","5-star hotel","30 Marylebone Lane","With 199 rooms including 30 suites, The BoTree combines uncompromising standards with a purpose-driven ethos to establish our own form of luxury. Conscious luxury. This extends to every corner of our hotel including LAVO, our Italian restaurant and The BoTree Bar where you’ll find neighbourhood regulars mingling with international hotel guests. At the centre of everything we do is our core values of Truth, Love and Compassion. These values keep us focused on minimising our impact on our planet and creating an environment in which our guests, our team and our community can connect, be inspired and flourish. Favourite haunts, quirky boutiques, London institutions, all are a short walk away. That’s just Marylebone Lane. The BoTree connects Marylebone, Mayfair and Soho. Three villages with three different personalities right on your doorstep. We bring you their secrets.","$428","https://www.tripadvisor.com/Hotel_Review-g186338-d26641162-Reviews-The_BoTree_London_Curio_Collection_by_Hilton-London_England.html?staydates=2026_03_16_2026_03_21","https://static.tacdn.com/img2/brand_refresh_2025/travelers_choice/badges/2025/2025_TC_Badge_Large.svg"
"https://www.tripadvisor.com/Hotel_Review-g186338-d199119-Reviews-The_Welbeck_Hotel-London_England.html?staydates=2026_3_16_2026_3_21","https://dynamic-media-cdn.tripadvisor.com/media/photo-o/2e/dc/f7/9e/reception-at-the-welbeck.jpg?w=1200&h=-1&s=1","https://dynamic-media-cdn.tripadvisor.com/media/photo-o/31/f4/42/ba/guest-bathroom.jpg?w=1200&h=-1&s=1","https://dynamic-media-cdn.tripadvisor.com/media/photo-o/2f/c2/9e/45/welcome-to-the-welbeck.jpg?w=1200&h=-1&s=1","The Welbeck Hotel","4.6","4.6 of 5 bubbles","(72)","3.5-star hotel","57-59 Welbeck Street","This stunning Edwardian architectural hotel offers contemporary luxury in the heart of Marylebone, situated on the iconic Welbeck Street known for its rich history and association with the medical profession dating back to the 1800s. The Welbeck Hotel boasts 164 exquisitely designed rooms and suites, offering guests luxurious comfort with high-speed Wi-Fi, Templespa bathroom amenities, and in-room wellness services including massages, facials, and beauty treatments. From intimate guest rooms to spacious suites, The Welbeck Hotel is designed to meet the needs of every traveller, ensuring a supremely comfortable stay for all guests. Perfectly located in the heart of Marylebone, The Welbeck Hotel offers unparalleled access to London's finest attractions. Just minutes away from Selfridges and high-end shopping districts, guests may enjoy seamless connectivity via Bond Street station, which provides direct access to the Elizabeth Line, making travel across London and to Heathrow Airport b","$288","https://www.tripadvisor.com/Hotel_Review-g186338-d199119-Reviews-The_Welbeck_Hotel-London_England.html?staydates=2026_03_16_2026_03_21",""